Fund Name,P1,P2,P3,P4,P5,Score,Rank
M1,0.3433870373893023,0.3326301624820565,0.1907670507883917,0.2479541403459945,0.24521337653275505,0.42694863205215045,6
M2,0.3576948306138566,0.3582170980575994,0.4113414532624696,0.3064148726226924,0.31896710970653336,0.28937566515242263,7
M3,0.33861777298111756,0.3198366946942851,0.35768822022823443,0.3984737268974925,0.39438089475239035,0.5046985791302848,3
M4,0.39107968147114985,0.4285811708903421,0.3934570422510579,0.41056905081680933,0.4102699626708571,0.5721632484873947,2
M5,0.33861777298111756,0.3198366946942851,0.321919398205411,0.4609662338139627,0.44584250278682735,0.6366390101122915,1
M6,0.3720026238384109,0.3902007675270278,0.41730292359960686,0.38973821517798596,0.393669443950071,0.4901532428849899,4
M7,0.36246409502204135,0.3710105658453707,0.24442028382262684,0.30507094774276833,0.30141798991598806,0.48279518297434215,5
M8,0.3195407153483786,0.2878530252248566,0.41730292359960686,0.2445943281461843,0.2639482476604994,0.04526596414472393,8
