Fund Name,P1,P2,P3,P4,P5,Score,Rank
M1,0.6867740747786046,0.665260324964113,0.3815341015767834,1.2397707017299724,0.24521337653275505,0.6787245055547549,3
M2,0.7153896612277132,0.7164341961151988,0.8226829065249393,1.5320743631134621,0.31896710970653336,0.7109243100693282,2
M3,0.6772355459622351,0.6396733893885702,0.7153764404564689,1.9923686344874625,0.39438089475239035,0.4012004235541502,6
M4,0.7821593629422997,0.8571623417806842,0.7869140845021158,2.0528452540840467,0.4102699626708571,0.37407848406537597,7
M5,0.6772355459622351,0.6396733893885702,0.643838796410822,2.3048311690698133,0.44584250278682735,0.26436932407726216,8
M6,0.7440052476768217,0.7804015350540556,0.8346058471992137,1.9486910758899298,0.393669443950071,0.4459487652216616,5
M7,0.7249281900440827,0.7420211316907414,0.4888405676452537,1.5253547387138418,0.30141798991598806,0.6100010714865649,4
M8,0.6390814306967572,0.5757060504497132,0.8346058471992137,1.2229716407309215,0.2639482476604994,0.8390395723022397,1
